{"W":[[[4.202323979432632,-10.605551255505148,-13.135664109099588,17.203475179161966,-2.8843013039905703,-2.829935357624267,-7.2842221787322226],[7.4846577725148,17.193561221831754,21.2926172107948,13.211841397373016,0.015056999163232245,4.884663436028224,11.309826367482911],[-12.594777341965484,4.21299173041996,7.879585662564228,-45.13733947440862,-0.10258992025748122,2.098713758532429,2.5690239667505574]],[[8.86656125828823,-2.02357732108633,-9.218274389774585],[-10.460334406586833,-8.44958879158623,9.390502286430777],[-14.911646911503517,0.3086832656682814,15.770739802067107],[31.454806093015485,0.4096274013809137,-30.864385539664397],[-1.0461938834041078,-0.7157240490841725,1.417149889377333],[2.9048118126759213,-3.019058872529075,-2.348115256741509],[-4.628160610424447,-7.4768143392833215,4.534092158118984]]],"B":[[-2.2419511964031917,-8.42861743160043,-13.357233854797522,-1.8224807665265774,-2.787591103886265,1.0406242925777447,-6.433358918571296],[-1.5789311314521173,1.6519011047905532,1.2424853650653818]],"D":[[-6.32986249512231e-14,-4.0172501026805057e-13,9.87214466698629e-15,1.0907884599982117e-20,-2.4948245226320555e-15,-1.3886693728330427e-14,-1.6831462384252163e-12],[5.601991303966648e-23,9.640663370307752e-13,-6.02729813606768e-23]],"Z":[[-4.301232597577367,-0.2727789997510559,-0.596482353737283,-18.57709464861145,-5.761741790380812,4.442579447048249,-1.578704050375114],[-9.201018671529484,-6.182224639954693,9.237870364978196]],"L":2,"LS":[7,3]}