{"W":[[[4.174393536398391,-10.62357053627303,-13.139143254791616,17.168075571072073,-2.884037406227968,-2.856748050196382,-7.289462130708955],[7.478338589743261,17.179962492583055,21.294687514187384,13.225668517934974,0.015113970890012518,4.869276493767589,11.30183055474166],[-12.613349384630114,4.183689634754662,7.858800653502985,-45.14314776279629,-0.10241159366068742,2.077660264313178,2.5598438902218916]],[[8.861598425409431,-2.0207993014551953,-9.222914526711218],[-10.45873550024544,-8.448246666872198,9.380277302287272],[-14.908361098913787,0.30920993568160193,15.761159613885093],[31.45163532991992,0.4099194055738655,-30.864804016595258],[-1.0463067211413903,-0.7155465724770778,1.4172892104467387],[2.8545954357309373,-2.9678533589502347,-2.29122408360623],[-4.6252845820724175,-7.475823628293529,4.5274166294898155]]],"B":[[-2.261666643151247,-8.450785455482876,-13.366032586269206,-1.8083866422288886,-2.7874019804325387,1.013970855729084,-6.443379356169918],[-1.6325322328163014,1.7063457583112824,1.3035154910570215]],"D":[[-8.917651135022114e-14,-6.516813746207246e-13,1.534428921829971e-14,1.627017989938374e-20,-3.7632870354810215e-15,-2.2469418996964544e-14,-2.5579502601234505e-12],[5.339845161528795e-23,1.4536199973466504e-12,-5.721669065308125e-23]],"Z":[[-3.431003578459647,2.8204746623953376,3.305269489369131,-17.416194094571736,-5.614535139119784,5.246996966123284,0.49330606461962745],[-25.642130241128903,-13.628480251908057,25.60759210294572]],"L":2,"LS":[7,3]}