{"W":[[[4.148561103300362,-10.616015742756483,-13.116465693953817,17.148352202275333,-2.88387200720054,-2.8801793948644074,-7.2901175914620975],[7.471333448203005,17.188243169584588,21.317532715044937,13.2626855581604,0.015085530415716133,4.856441955687199,11.296602501506658],[-12.629502006247403,4.1791865532120465,7.86320256836901,-45.14149312109221,-0.10229639519677308,2.0594090936995175,2.555754706144074]],[[8.85973988759842,-2.0189882128872365,-9.227398223469812],[-10.45553057652841,-8.447386752295872,9.371396231683487],[-14.903267731437637,0.3095818310115309,15.751974402116751],[31.452107642913973,0.4101492453236699,-30.867623144897426],[-1.0463691187639181,-0.7154124969399952,1.4173645940185478],[2.817744423675645,-2.9297188166759653,-2.2507654741338876],[-4.620744135138598,-7.475175010492301,4.520320742380837]]],"B":[[-2.2781577804502797,-8.446399624761355,-13.348774379462933,-1.7714057336309916,-2.787324512132194,0.9906925018105154,-6.449595174537484],[-1.6724325308172998,1.747483351729522,1.3476343297619726]],"D":[[-0.04915767336666072,0.06182786324140134,0.11238127764851483,-0.20140212167714822,0.00011482425394952899,-0.0010007788224477537,0.029127041548163774],[-0.017375660306526465,5.496117087360802e-10,0.012099682316687007]],"Z":[[1.124148360137407,0.8528793547517637,-0.017394442794355314,-0.7368034399771997,-5.722583996494462,4.305399715262002,-0.7768853405143457],[1.7960298262321195,-10.660869369048338,-2.020534683558153]],"L":2,"LS":[7,3]}